{
  "jsonrpc": "2.0",
  "id": 106775000,
  "result": {
    "texts": [
      {
        "alternatives": [
          {
            "text": "你好世界"
          },
          {
            "text": "哈喽世界"
          },
          {
            "text": "哈啰世界"
          }
        ],
        "text": "哈罗世界"
      }
    ],
    "lang": "EN",
    "lang_is_confident": false,
    "detectedLanguages": {
      "EN": 0.5456639999999999,
      "DE": 0.015371,
      "FR": 0.010322,
      "ES": 0.011982,
      "PT": 0.0037449999999999996,
      "IT": 0.044053999999999996,
      "NL": 0.060535,
      "PL": 0.016802,
      "RU": 0.00033,
      "ZH": 0.002002,
      "JA": 0.001346,
      "BG": 0.000154,
      "CS": 0.003155,
      "DA": 0.004219,
      "EL": 0.000325,
      "ET": 0.01359,
      "FI": 0.0032819999999999998,
      "HU": 0.004554,
      "LT": 0.000481,
      "LV": 0.001557,
      "RO": 0.002261,
      "SK": 0.002519,
      "SL": 0.001367,
      "SV": 0.003676,
      "TR": 0.001108,
      "ID": 0.008221,
      "UK": 0.000628,
      "KO": 0.000569,
      "NB": 0.015725,
      "AR": 0.000206,
      "VI": 0.00146,
      "HE": 0.000356,
      "unsupported": 0.218436
    }
  }
}